,URL,In Sitemap1,In Sitemap2
0,/insurance/HWMP8Y3,No,No
1,/insurance/HWMPRPM,No,No
2,/docs/default-source/claims-documents/sc-roundtrip-cancel-interrupt-delayform_esp.pdf?sfvrsn=956958bc_5,No,No
3,/insurance/custom/?tracking_code=PlatinumPlans,No,No
4,/insurance/inboundimmigrant/HW7CD3N,No,No
5,/insurance/bordercross/HWKQ6PM,No,No
6,/insurance/HWKQTS4,No,No
7,/insurance/inboundguest/HW7C6YH,No,No
8,/insurance/HWD2SKN,No,No
9,/insurance/HW7C6YH,No,No
10,/insurance/HW35TP4,No,No
11,/insurance/HW85SWM,No,No
12,/insurance/bordercross/HG7KTK8,No,No
13,/insurance/liaison_student/HW7C6YH,No,No
14,/insurance/HGPQRWS,No,No
15,/insurance/resideprime/HW7C8WP,No,No
16,/insurance/HG7HTKN,No,No
17,/insurance/reside/HW7CDWK,No,No
18,/insurance/HWRTZK3,No,No
19,/insurance/resideprime/HW6P6Y4,No,No
20,/insurance/HW7C79H,No,No
21,/insurance/HW7C29Q,No,No
22,"/insurance/quote.cfm?agent_id=%23(9_,%0A",No,No
23,/docs/default-source/infographics/04_prescriptionreimbursement.pdf?sfvrsn=1162481e_2,No,No
24,/insurance/liaisonmajestic/HWD2CK8,No,No
25,/insurance/HW6YD3P,No,No
26,/insurance/HWRTTXS,No,No
27,/insurance/HW7CRYS,No,No
28,/insurance/HG7YR33,No,No
29,/insurance/custom/?tracking_code=PlanEPlus2014,No,No
30,/insurance/liaisonmajestic/HWDYZWN,No,No
31,/insurance/HW6YSCP,No,No
32,/insurance/HW7PCW8,No,No
33,/insurance/liaisonmajestic/HW7YZCK,No,No
34,/insurance/HW35TS8,No,No
35,/insurance/HWPC2CP,No,No
36,/insurance/HGPQD3M,No,No
37,/insurance/liaisoncontinent/HWRTZYM,No,No
38,/insurance/HG7C6EM,No,No
39,/insurance/resideblue/HWDKDW8,No,No
40,"/insurance/resideprime/quote.cfm?agent_id=$(I7,X70%23%0A",No,No
41,/insurance/HWK2RKS?gclid=CODqiteynb4CFRFk7Aodb24Aug,No,No
42,/insurance/HWPCDXM,No,No
43,/insurance/inboundimmigrant/HW7C6Y3,No,No
44,/insurance/HGPQ6E4,No,No
45,"/insurance/reside/quote.cfm?agent_id=$(I7,X:AR%0A",No,No
46,/docs/default-source/brochures/roundtripelite.pdf,No,No
47,/docs/default-source/AmeriCorps-Documents/other_coverage_questionnaire.pdf?sfvrsn=2,No,No
48,/docs/default-source/claims-documents/ichip-claim-en.pdf,No,No
49,/docs/default-source/usdos-documents/usdos-benefit-guide-pdf.pdf?sfvrsn=786a4f2d_5,No,No
50,/docs/default-source/plan-documents/secureabroad-silver.pdf?sfvrsn=4,No,No
51,/docs/default-source/govdocs/seven-corners-awarded-13-prison-contracts-in-2019.pdf?sfvrsn=32bc10_2,No,No
52,/docs/default-source/fmca_docs/fmca-international-travel-insurance-brochure.pdf,No,No
53,/docs/default-source/usdos-documents/usdos---outside-us-reimbursement-rx_interactive-form.pdf?sfvrsn=539248fb_2,No,No
54,/docs/default-source/usdos-documents/usdos-benefit-guide.pdf,No,No
55,/docs/default-source/plan-documents/liaisonstudenteconomy_certofinsurance.pdf?sfvrsn=d3a28a39_0,No,No
56,/docs/default-source/brochures/roundtripchoice.pdf,No,No
57,/docs/default-source/help-for-providers/id-cards.pdf?sfvrsn=2,No,No
58,/docs/default-source/eiia-docs/gardaworldtravelsecurityguideeiia.pdf?sfvrsn=8c54340e_0,No,No
59,/docs/default-source/brochures/2020/liaisontravelmedical.pdf?sfvrsn=ae5b9dfd_4,No,No
60,/docs/default-source/brochures/2021/roundtrip-economy_missouri3e1f845f-5417-4a4e-9f72-eedbfd8b39b3.pdf?Status=Master&sfvrsn=852f6812_3,No,No
61,/docs/default-source/claims-documents/travel-medical-forms_english_proof-of-loss.pdf?sfvrsn=b395b339_24,No,No
62,/docs/default-source/plan-documents/liaisontravelchoice.pdf?sfvrsn=8b828a39_0,No,No
63,/docs/default-source/usdos-documents/usdos-benefit-guide-pdf.pdf,No,No
64,/docs/default-source/brochures/2020/assuredtravelstudent.pdf,No,No
65,/docs/default-source/eiia-docs/eiia-claim-medical-expense-en.pdf?sfvrsn=b67b8939_2,No,No
66,/docs/default-source/help-for-providers/sample-gop.pdf?sfvrsn=2,No,No
67,/docs/default-source/usdos-documents/aspe-health-guide-2018.pdf,No,No
68,/docs/default-source/claims-documents/travel-medical-forms_english_proof-of-loss.pdf,No,No
69,/docs/default-source/fmca_docs/fmca_brochure_id.pdf?sfvrsn=1d6eb139_8,No,No
70,/docs/default-source/brochures/eng_openins_pertripplan.pdf,No,No
71,/docs/default-source/AmeriCorps-Documents/americorps-guide-eng-jan2016.pdf,No,No
72,/docs/default-source/usdos-documents/usdos---outside-us-mail-order-rx_interactive-form.pdf?sfvrsn=f923639e_2,No,No
73,/docs/default-source/claims-documents/sc_corp_privacyinformationdisclosure.pdf,No,No
74,/docs/default-source/infographics/how-do-i-file-a-claim-w-links-ah2599.pdf?sfvrsn=c50a58ab_2,No,No
75,/docs/default-source/peace-corps-documents/name-correction-form-pc.doc?sfvrsn=2,No,No
76,/docs/default-source/claims-documents/sc-claim-cancel-delay-interrupt-en.pdf,No,No
77,/docs/default-source/govdocs/bifold-correctional_health_care.pdf?sfvrsn=6,No,No
78,/docs/default-source/brochures/greencover.pdf,No,No
79,/docs/default-source/brochures/overseasvisitorsinsurance.pdf,No,No
80,/docs/default-source/claims-documents/sc-Claim-cancel-delay-interrupt-es.pdf,No,No
81,/docs/default-source/usdos-documents/usdos-aspe_benefit-guide_word-version.docx?sfvrsn=43f53d2a_5,No,No
82,/docs/default-source/brochures/2020/liaison-travel-plus.pdf?sfvrsn=4302edba_2,No,No
83,/docs/default-source/fmca_docs/fmca_plan.pdf,No,No
84,/docs/default-source/after-corps-documents/aftercorpsclaimform.pdf?sfvrsn=2,No,No
85,/docs/default-source/govdocs/seven-corners-awarded-13-prison-contracts-in-2019.pdf,No,No
86,/docs/default-source/USDOS-Documents/outside-the-us-mail-order-prescription-form.pdf?sfvrsn=96f7b339_0,No,No
87,/docs/default-source/brochures/liaisontravelmedical_co_md_sd.pdf,No,No
88,/docs/default-source/agent-documents/how-our-admin-team-can-help-you.pdf,No,No
89,/docs/default-source/usdos-documents/aspe-health-guide-2019.pdf,No,No
90,/docs/default-source/claims-documents/trip-cancellation-forms_trip-cancellation-claim-form-nationwide.pdf?sfvrsn=2,No,No
91,/docs/default-source/claims-documents/how-to-save-electronic-pdf-forms.pdf,No,No
92,/docs/default-source/usdos-documents/usdos---medical-claim_interactive-form.pdf?sfvrsn=ba26bf18_2,No,No
93,/docs/default-source/brochures/inboundimmigrant.pdf,No,No
94,/docs/default-source/claims-documents/sc-physician-statement-en.pdf,No,No
95,/docs/default-source/brochures/2020/inboundusa.pdf?sfvrsn=3a6a2dbb_4,No,No
96,/docs/default-source/brochures/j-visa-eng.pdf?sfvrsn=e7ce0882_2,No,No
97,/docs/default-source/claims-documents/payment-authorization-form.pdf,No,No
98,/docs/default-source/brochures/liaisonstudent.pdf,No,No
99,"/docs/default-source/brochures/liaisonstudent.pdf 
)",No,No
100,/docs/default-source/claims-documents/sc-claim-baggage-en-20217e220c3c-b1fd-46c6-906e-848e6429f938.pdf?Status=Master&sfvrsn=a89426f0_3,No,No
101,/docs/default-source/infographics/solo-female-travel-2019-infographic.pdf?sfvrsn=82fb641e_2,No,No
102,/docs/default-source/after-corps-documents/aftercorps_brochure.pdf?sfvrsn=2,No,No
103,/docs/default-source/wktravel/wk-travel-plan-2-wa.pdf,No,No
104,/docs/default-source/usdos-documents/usdos---request-for-information_interactive-form.pdf?sfvrsn=be82dee4_2,No,No
105,/docs/default-source/wps/wps_idcard_2020db397243-cf64-4c09-94e0-1354a3d40ec6.pdf,No,No
106,/docs/default-source/brochures/roundtripeconomy.pdf,No,No
107,/docs/default-source/brochures/2020/liaison-student-plus.pdf,No,No
108,/docs/default-source/eiia-docs/eiia-idcard.pdf,No,No
109,/docs/default-source/claims-documents/subrogation-agreement.pdf,No,No
110,/docs/default-source/infographics/how-does-trip-insurance-help-me.pdf?sfvrsn=6f1fdf36_12,No,No
111,/docs/default-source/brochures/2021/j-visa-brochure.pdf?sfvrsn=d530d016_3,No,No
112,/docs/default-source/drug-card/sc_discountdrugcard.pdf?sfvrsn=2,No,No
113,/docs/librariesprovider2/claims-forms/cancel-delay-interrupt.pdf?sfvrsn=fcba8d39_4,No,No
114,/docs/default-source/claims-documents/secureabroad---proof-of-loss-form.pdf,No,No
115,/insurance/inboundimmigrant/HW35TW3,No,No
116,/docs/default-source/infographics/03_medicalexpenses.pdf?sfvrsn=68aed736_2,No,No
117,/insurance/inboundusa/HW7CD3N,No,No
118,/insurance/liaisonmultiquote/HW7C6W4,No,No
119,/insurance/liaison_student/HW35TP4,No,No
120,/insurance/resideprime/HWD2CK8,No,No
121,/insurance/inboundusa/HWRTZYM,No,No
122,/docs/default-source/claims-documents/travel-medical-forms_french_proof-of-loss.pdf?sfvrsn=b795b339_6,No,No
123,/docs/default-source/brochures/wanderfrequenttraveler.pdf,No,No
124,/insurance/inboundguest/HWRTZYM,No,No
125,/insurance/HG7Q8C3,No,No
126,/insurance/HGPQDK4,No,No
127,/docs/default-source/eiia-docs/eiia-claim-trip-can-en.pdf,No,No
128,/insurance/HW7C8E4,No,No
129,/insurance/liaisoncontinent/quote.cfm,No,No
130,/insurance/HW3GDPH,No,No
131,/docs/default-source/claims-documents/trip-cancellation-forms_trip-cancellation-claim-form.pdf?sfvrsn=2,No,No
132,/insurance/HWDP6YP,No,No
133,/insurance/inboundusa/HW7C6W4,No,No
134,/docs/default-source/plan-documents/liaison-continent-certificado.pdf,No,No
135,/insurance/ltraveler/HWPG7KH,No,No
136,/insurance/inboundusa/HW7YZCK,No,No
137,/insurance/liaisonmajestic/HW7C6W4,No,No
138,/insurance/liaisoncontinent/HWDYZWN,No,No
139,/insurance/HGPCT3H,No,No
140,/docs/default-source/claims-documents/phi_informacion_de_privacidad2a99f30d-b875-4f6a-acdf-0fbe252e880a.pdf?sfvrsn=ac1a6ed7_3,No,No
141,/insurance/HW7CRW8,No,No
142,/docs/default-source/claims-documents/travel-med-documents.pdf?sfvrsn=67b1d0e_8,No,No
143,/docs/default-source/brochures/2021/roundtrip-elite_washington52e261e5-c43d-4de9-9467-50fcebec3f49.pdf?Status=Master&sfvrsn=2abea2d4_3,No,No
144,/docs/default-source/claims-documents/travel-medical-forms_french_proof-of-loss.pdf,No,No
145,/docs/default-source/usdos-documents/udos-privacy-policy.pdf?sfvrsn=d2f7b339_6,No,No
146,/docs/default-source/help-for-providers/sample-eob.pdf?sfvrsn=2,No,No
147,/docs/default-source/claims-documents/sc-roundtrip-medical-expense-claimform_eng.pdf?sfvrsn=95d0ebc5_7,No,No
148,/docs/default-source/eiia-docs/eiia-claim-trip-can-en.pdf?sfvrsn=fb7b8939_6,No,No
149,/docs/default-source/brochures/2021/roundtrip-economy_washington993dea2f-a55e-4eb7-b6a7-f7c33a2b7cd6.pdf?Status=Master&sfvrsn=848e9e43_3,No,No
150,/docs/default-source/claims-documents/trip-can-documents.pdf,No,No
151,/docs/default-source/infographics/what-to-do-before-you-leave-for-a-trip_w-links.pdf?sfvrsn=3f0e5dcd_6,No,No
152,/docs/default-source/agent-documents/mawg-summary.pdf?sfvrsn=6d548b39_2?utm_source%3Dcontracted&utm_medium=email&utm_campaign=032118update,No,No
153,/docs/default-source/brochures/cmas_usa.pdf,No,No
154,/docs/default-source/brochures/mcis.pdf,No,No
155,/docs/default-source/claims-documents/phi-disclosure-form---french8cae90b6-76f1-416c-be66-1ce527642932.pdf?sfvrsn=b5071216_3,No,No
156,/docs/default-source/claims-documents/travel-medical-forms_french_proof-of-loss-218b023899-236d-4169-a62b-98bbbfc182d4.pdf?sfvrsn=566f4f31_3,No,No
157,/docs/default-source/eiia-docs/eiia-claim-medical-expense-en.pdf,No,No
158,/docs/default-source/wktravel/wk-travel-plan-2-tx.pdf,No,No
159,/docs/default-source/claims-documents/sc-roundtrip-car-collision-damage-claimform_eng.pdf?sfvrsn=12e67d81_5,No,No
160,/docs/default-source/claims-documents/claim-baggage-2021.pdf?sfvrsn=833061de_3,No,No
161,/docs/default-source/agent-documents/businesstraveler-agents_02142017.pdf,No,No
162,/docs/default-source/plan-documents/assured-travel-liaison-choice.pdf?sfvrsn=55558939_0,No,No
163,/docs/default-source/claims-documents/sc-roundtrip-car-collision-damage-claimform_esp.pdf?sfvrsn=84d49cac_5,No,No
164,/docs/default-source/brochures/liaisonmajestic.pdf,No,No
165,/docs/default-source/agent-documents/liaison_product_webinar.pdf?sfvrsn=2,No,No
166,/docs/default-source/claims-documents/travel-medical-forms_spanish_proof-of-loss-215030ad4e-c404-4801-b04f-f85dc7ba823c.pdf?sfvrsn=5da04132_3,No,No
167,/landing-pages/bc-products/lgbtq-trip-protection,No,No
168,/docs/default-source/plan-documents/liaisonstudentelite_certofinsurance.pdf?sfvrsn=5ba38a39_0,No,No
169,/docs/default-source/plan-documents/assured-travel-student-economy.pdf?sfvrsn=b8bf8a39_0,No,No
170,/docs/default-source/claims-documents/sc-claim-cancel-delay-interrupt-es.pdf?sfvrsn=a6208c39_8,No,No
171,/docs/default-source/claims-documents/travel-medical-forms_korean_proof-of-loss.pdf?sfvrsn=9df08c39_6,No,No
172,/docs/default-source/agent-documents/webinar/20170614_agentwebinar.pdf?sfvrsn=d4568d39_2,No,No
173,/docs/default-source/usdos-documents/usdos---payment-authorization_interactive-form.pdf?sfvrsn=28c9c8cc_2,No,No
174,/docs/default-source/brochures/2020/armor_roadtrip.pdf,No,No
175,/docs/default-source/brochures/2021/liaison-student.pdf?sfvrsn=9724e489_3,No,No
176,/docs/default-source/claims-documents/sc-claim-cancel-delay-interrupt-en.pdf?sfvrsn=a2208c39_18,No,No
177,/docs/default-source/infographics/how-claims-work-infographicceb89e3d-a16f-40cf-8a9f-582368a5a4aa.pdf?sfvrsn=af12af9c_3,No,No
178,/docs/default-source/help-for-providers/injury-and-illness-form_pol.pdf?sfvrsn=2,No,No
179,/docs/default-source/default-document-library/important-info-to-submit-with-trip-can-claim.pdf?sfvrsn=c38e02b5_2,No,No
180,/docs/default-source/claims-documents/sc_corp_privacyinformationdisclosure_form_6sep2018.pdf,No,No
181,/docs/default-source/claims-documents/sc-roundtrip-medical-expense-claimform_esp.pdf?sfvrsn=2847589b_7,No,No
182,/docs/default-source/claims-documents/travel-medical-forms_chinese_proof-of-loss-21449b3fb4-281f-43f7-8f96-076ac6f031cb.pdf?sfvrsn=72343a84_3,No,No
183,/docs/default-source/claims-documents/travel-medical-forms_spanish_proof-of-loss.pdf?sfvrsn=a795b339_10,No,No
184,/docs/default-source/fmca_docs/fmca_brochure_id.pdf,No,No
185,/docs/default-source/agent-documents/seven-corners---agency-contract-reference-only.pdf,No,No
186,/docs/default-source/default-document-library/liaisontraveleconomy.pdf?sfvrsn=8e828a39_4,No,No
187,/docs/librariesprovider3/claims/claim-baggage-en.pdf?sfvrsn=73238839_8,No,No
188,/docs/default-source/claims-documents/travel-medical-forms_chinese_proof-of-loss.pdf?sfvrsn=8f95b339_4,No,No
189,/docs/default-source/wktravel/wk-travel-plan-2-41-states.pdf,No,No
190,/docs/default-source/AmeriCorps-Documents/catamaran_prescriptionreimbursementclaimform.pdf,No,No
191,/docs/default-source/agent-documents/sevencorners-agentquickguide.pdf,No,No
192,/docs/default-source/plan-documents/pa-group-travel-plan-standard7234e64c6e436f858578ff01008d2bf0.pdf?sfvrsn=34778939_2,No,No
193,/docs/default-source/brochures/2020/wander-plus.pdf,No,No
194,/docs/default-source/claims-documents/travel-medical-forms_portuguese_proof-of-loss.pdf?sfvrsn=df95b339_6,No,No
195,/docs/default-source/brochures/2020/explorenorthamerica.pdf,No,No
196,/docs/default-source/brochures/assist.pdf,No,No
197,/docs/default-source/wktravel/wk-travel-plan-1-40-states.pdf,No,No
198,/docs/default-source/claims-documents/phi-disclosure-form---portuguese13d9b501-d735-4983-a674-8691da2f0396.pdf?sfvrsn=8c218b43_3,No,No
199,/docs/default-source/claims-documents/sc-claim-baggage-es.pdf?sfvrsn=9b208c39_8,No,No
200,/docs/default-source/claims-documents/ef-claim-cancel-delay-interrupt.pdf?sfvrsn=562d4b40_4,No,No
201,/docs/default-source/claims-documents/liaison-claim-delay-baggage-missed-connection-co-md-ny-sd_approved.pdf?sfvrsn=22e4d04f_10,No,No
202,/docs/default-source/infographics/taking-the-confusion-out-of-buying-travel-insurance-infographic.pdf?sfvrsn=cdd4c28_2,No,No
203,/docs/default-source/claims-documents/ef-claim-medical-expense.pdf?sfvrsn=3694bce4_8,No,No
204,/docs/default-source/global-health-insurance-documents/reside-worldwide-program-summary---tramont.pdf?sfvrsn=2,No,No
205,/docs/default-source/claims-documents/travel-medical-forms_portuguese_proof-of-loss-21db968994-09cc-42f8-a1ce-7e4d5c43163e.pdf?sfvrsn=48d68aa8_3,No,No
206,/docs/default-source/usdos-documents/prescription-direct-mail-service-form.pdf?sfvrsn=57f1b339_6,No,No
207,/docs/librariesprovider2/claims-forms/collision-damage.pdf?sfvrsn=f8ba8d39_4,No,No
208,/docs/default-source/claims-documents/ef-claim-collisiondamage.pdf?sfvrsn=a770d824_6,No,No
209,/docs/default-source/wktravel/wk-travel-plan-1-or.pdf,No,No
210,/docs/default-source/brochures/liaisontravelmedical_ny.pdf,No,No
211,/docs/default-source/AmeriCorps-Documents/catamaran-pharmacy-network.pdf?sfvrsn=0,No,No
212,/docs/default-source/claims-documents/sc-travel-medical-forms_english_proof-of-lossa69c328b-2f7a-46ce-8a17-8919c13e4e00.pdf?sfvrsn=4ff4e230_3,No,No
213,/docs/default-source/plan-documents/liaisonstudentchoice_certofinsurance.pdf?sfvrsn=9ea28a39_2,No,No
214,/docs/default-source/brochures/roundtrip.pdf,No,No
215,/docs/default-source/plan-documents/pa-group-travel-plan-executivef833e64c6e436f858578ff01008d2bf0.pdf?sfvrsn=cc778939_2,No,No
216,/docs/default-source/brochures/inboundusa.pdf,No,No
217,/docs/default-source/claims-documents/claim-tmbaggage-es65b5f085-fb40-4209-9f1c-c767f3b72f3e.pdf?sfvrsn=96aa7ae7_3,No,No
218,/docs/default-source/claims-documents/travel-medical-forms_korean_proof-of-loss-213c71b890-9ec2-4c5e-8076-81d2af798196.pdf?sfvrsn=1a8b808d_3,No,No
219,/docs/default-source/AmeriCorps-Documents/americorpsguide.pdf?sfvrsn=2,No,No
220,/docs/default-source/brochures/2020/roundtripinternational.pdf?sfvrsn=8e733405_6,No,No
221,/docs/default-source/claims-documents/sc-payment-authorizationform_eng.pdf?sfvrsn=ede307ef_5,No,No
222,/docs/default-source/wktravel/wk-travel-plan-1-41-states.pdf,No,No
223,/docs/default-source/brochures/2021/explore-north-america-plus.pdf?sfvrsn=8ac7aa21_3,No,No
224,/docs/default-source/brochures/2021/j-visa-brochure.pdf?sfvrsn=cca1bd31_3,No,No
225,/docs/default-source/claims-documents/trip-cancellation-forms_collision-damage-waiver-form.pdf?sfvrsn=7d916691_2,No,No
226,/docs/default-source/claims-documents/autorizacion-de-pago.pdf,No,No
227,/docs/default-source/brochures/liaisoninternational.pdf,No,No
228,/docs/default-source/product-supporting-documents/medicaltourism_treatments.pdf,No,No
229,/docs/default-source/claims-documents/sc-roundtrip-baggage-claimform_esp.pdf?sfvrsn=57a55ffa_7,No,No
230,/docs/default-source/claims-documents/sc-roundtrip-baggage-claimform_eng.pdf?sfvrsn=9821f4c1_5,No,No
231,/docs/default-source/eiia-docs/eiia-claim-medical-expense-en.pdf?sfvrsn=b67b8939_6,No,No
232,/docs/default-source/claims-documents/ef-claim-baggage.pdf?sfvrsn=9c0d7902_4,No,No
233,/docs/default-source/claims-documents/ichip_claim_form.pdf,No,No
234,/docs/default-source/plan-documents/seven-corners-medical-evacuation-and-reparation-plan-2018.pdf,No,No
235,/docs/default-source/claims-documents/sc-payment-authorizationform_esp.pdf?sfvrsn=b2a426c2_5,No,No
236,/docs/default-source/claims-documents/sc-claim-baggage-en.pdf?sfvrsn=24218c39_12,No,No
237,/docs/default-source/brochures/2020/liaison-travel-plus.pdf,No,No
238,/docs/librariesprovider2/claims-forms/baggage.pdf?sfvrsn=f4ba8d39_4,No,No
239,/docs/default-source/eiia-docs/eiia-international-travel-brochure.pdf,No,No
240,/docs/librariesprovider2/claims-forms/medical-expense.pdf?sfvrsn=9fb98d39_4,No,No
241,/docs/default-source/claims-documents/sc-physician-statement-en-202130fd7bcb-70f7-4dfe-9dac-1cc13a8136fc.pdf?sfvrsn=444d7e77_3,No,No
242,/docs/default-source/claims-documents/sc-roundtrip-cancel-interrupt-delayform_eng.pdf?sfvrsn=54a1ca6b_5,No,No
243,/docs/default-source/claims-documents/phi-disclosure-form---koreanbe76cf41-90b3-4427-937a-77627e89dd3d.pdf?sfvrsn=d0773747_3,No,No
244,/docs/default-source/claims-documents/liaison-claim-delay-baggage-missed-connection-co-md-ny-sd_21865c155a-2335-4c74-8b3a-341e29efeb66.pdf?sfvrsn=c624ada7_3,No,No
245,/docs/default-source/usdos-documents/usdos---medical-questionnaire_interactive-form.pdf?sfvrsn=47dcdabb_2,No,No
246,/docs/default-source/brochures/2021/wander-frequent-traveler-plus.pdf?sfvrsn=9bcdd993_3,No,No
247,/docs/default-source/brochures/2020/explore-north-america-plus_eng.pdf?sfvrsn=32191f5d_4,No,No
248,/docs/default-source/USDOS-Documents/correspondence-payment-form.pdf?sfvrsn=0,No,No
249,/docs/default-source/brochures/inboundchoice.pdf,No,No
250,/docs/default-source/claims-documents/sc-appeal_letter_template.docx?sfvrsn=949b8b39_6,No,No
251,/docs/default-source/claims-documents/phi-disclosure-form---chinesecdda37d2-ebc9-40f9-9810-de707af3ac86.pdf?sfvrsn=b5ca1269_3,No,No
252,/docs/default-source/brochures/2021/liaison-travel-medical.pdf?sfvrsn=8f2450b7_3,No,No
253,/docs/default-source/infographics/how-claims-work-infographicceb89e3d-a16f-40cf-8a9f-582368a5a4aa.pdf?Status=Master&sfvrsn=af12af9c_3,No,No
254,/docs/default-source/claims-documents/claim-cancel-delay-interrupt-2021.pdf?sfvrsn=6545ea81_3,No,No
255,/docs/default-source/eiia-docs/eiia-faqs.pdf,No,No
256,/docs/default-source/claims-documents/claim-collisiondamage-2021.pdf?sfvrsn=3a38f006_3,No,No
257,/docs/default-source/claims-documents/ts-medical-claim-2021.pdf?sfvrsn=89983caa_3,No,No
258,/docs/default-source/default-document-library/important-info-to-submit-with-travel-medical-claim.pdf?sfvrsn=6eda6506_2,No,No
259,/docs/default-source/brochures/2021/inbound-usa.pdf?sfvrsn=934dc43a_3,No,No
260,/docs/default-source/claims-documents/how-travel-insurance-claims-work.pdf?sfvrsn=28111e94_7,No,No
261,/insurance/liaison_student/HG752WS,No,No
262,/insurance/HG7CTWK,No,No
263,/insurance/HWTPSKS,No,No
264,/insurance/custom/?tracking_code=CaliforniaToursInc,No,No
265,/insurance/roundtrip/HW7C6Y3,No,No
266,/insurance/HW6P6YM,No,No
267,/insurance/HWDGTKK,No,No
268,/insurance/HW7CTSQ,No,No
269,/docs/default-source/wktravel/wk-travel-plan-2-ak-ca-in-nh-ny.pdf,No,No
270,/docs/default-source/wps/wps_brochure_2020483e6914-646c-453b-b21b-4d17be9b04bd.pdf?sfvrsn=11318e27_3,No,No
271,/docs/default-source/usdos-documents/prescription-reimbursement-form.pdf?sfvrsn=b6b09cce_2,No,No
272,/docs/default-source/wktravel/wk-travel-plan-1-ma.pdf,No,No
273,/insurance/disciple/HWDYZWN,No,No
274,/insurance/HWMPZEK,No,No
275,/insurance/liaisoninternational/HWDYZWN,No,No
276,/insurance/HGPTCKQ,No,No
277,/insurance/roundtrip/HWDYZWN,No,No
278,/insurance/HGPG2W3,No,No
279,/insurance/HGPQ7XK,No,No
280,/insurance/HW6YRS3,No,No
281,/insurance/HWDYZEP,No,No
282,/insurance/inboundguest/HW7CRCQ,No,No
283,/insurance/liaisoninternational/HW7C6W4,No,No
284,/insurance/HWMG7SS,No,No
285,/insurance/HGPCCC8,No,No
286,/insurance/HGPGSWP,No,No
287,/insurance/HW7CD3N,No,No
288,/insurance/liaisontraveler/HWPG7KH,No,No
289,/insurance/HWPG7KH,No,No
290,/insurance/inboundimmigrant/HWDYZWN,No,No
291,/insurance/resideprime/HG7C6EM,No,No
292,/insurance/roundtrip/quote.cfm?&agent_id=!(3;7%0A,No,No
293,/insurance/HW7C7WN,No,No
294,/insurance/HW8T6SM,No,No
295,/insurance/liaisoncontinent/HW7CD3N,No,No
296,/insurance/inboundguest/HW7C6CM,No,No
297,/insurance/inboundguest/HW7CD3N,No,No
298,/insurance/roundtrip/HWPG7KH,No,No
299,/insurance/ltraveler/HW3KC34,No,No
300,/insurance/HW8CD93,No,No
301,/insurance/liaisoninternational/HW7C638,No,No
302,/insurance/HW7C6SQ,No,No
303,/insurance/HG72DCM,No,No
304,/insurance/reside/HG752WS,No,No
305,/insurance/resideprime/HW7C6SQ,No,No
306,/insurance/roundtrip/HW7CRE3,No,No
307,/insurance/HGPGSY8,No,No
308,/insurance/reside/HW7CD3N,No,No
309,/insurance/roundtrip/HWRTDEN,No,No
310,/insurance/HGP2ZCQ,No,No
311,/insurance/reside/HWD2CK8,No,No
312,/insurance/HW3GDW4,No,No
313,/insurance/reside/HW7C8WP,No,No
314,/insurance/HWDK83K,No,No
315,/insurance/HWMP2EH,No,No
316,/insurance/liaisoncontinent/HW7YZCK,No,No
317,/insurance/HWRTCYM,No,No
318,/insurance/reside/HW7C698,No,No
319,/insurance/roundtrip/HW7CD3N,No,No
320,/insurance/HW7C6W4,No,No
321,/insurance/inboundimmigrant/HW7C6W4,No,No
322,/insurance/HGP28XQ,No,No
323,/insurance/custom/?tracking_code=KIWINT,No,No
324,/insurance/custom/?tracking_code=abroadins,No,No
325,/insurance/HWTKRC8,No,No
326,/insurance/HW35TS4,No,No
327,/insurance/HW35TYK,No,No
328,/insurance,No,No
329,/insurance/liaison_student/HWDYZWN,No,No
330,/insurance/HWDKDW8,No,No
331,/blog/student-travel/fool-proof-hostel-friendly-meals-for-student-travelers,Yes,No
332,/about/documents,Yes,Yes
